Confirmed,State,Special Id,Production,Species,No Measure Value
10-Oct-25,Idaho,ID 112,Dairy Milking Cows,Cattle,
15-Sep-25,Nebraska,NE 001,Dairy Milking Cows,Cattle,
02-Sep-25,Texas,TX 030,Dairy Milking Cows,Cattle,
01-Aug-25,California,CA 777,Dairy Milking Cows,Cattle,
21-Jul-25,California,CA 775,Dairy Milking Cows,Cattle,
,,CA 776,Dairy Milking Cows,Cattle,
09-Jul-25,California,CA 774,Dairy Milking Cows,Cattle,
30-Jun-25,California,CA 765,Dairy Milking Cows,Cattle,
24-Jun-25,Arizona,AZ 005,Dairy Milking Cows,Cattle,
03-Jun-25,California,CA 773,Dairy Milking Cows,Cattle,
21-May-25,Idaho,ID 110,Dairy Milking Cows,Cattle,
,,ID 111,Dairy Milking Cows,Cattle,
19-May-25,Idaho,ID 105,Dairy Milking Cows,Cattle,
,,ID 106,Dairy Milking Cows,Cattle,
,,ID 107,Dairy Milking Cows,Cattle,
,,ID 108,Dairy Milking Cows,Cattle,
,,ID 109,Dairy Milking Cows,Cattle,
12-May-25,Idaho,ID 095,Dairy Milking Cows,Cattle,
,,ID 096,Dairy Milking Cows,Cattle,
,,ID 097,Dairy Milking Cows,Cattle,
,,ID 098,Dairy Milking Cows,Cattle,
,,ID 099,Dairy Milking Cows,Cattle,
,,ID 100,Dairy Milking Cows,Cattle,
,,ID 101,Dairy Milking Cows,Cattle,
,,ID 102,Dairy Milking Cows,Cattle,
,,ID 103,Dairy Milking Cows,Cattle,
,,ID 104,Dairy Milking Cows,Cattle,
,Texas,TX 028,Dairy Milking Cows,Cattle,
,,TX 029,Dairy Milking Cows,Cattle,
07-May-25,Arizona,AZ 004,Dairy Milking Cows,Cattle,
05-May-25,Idaho,ID 091,Dairy Milking Cows,Cattle,
,,ID 092,Dairy Milking Cows,Cattle,
,,ID 093,Dairy Milking Cows,Cattle,
,,ID 094,Dairy Milking Cows,Cattle,
30-Apr-25,California,CA 764,Dairy Milking Cows,Cattle,
28-Apr-25,Idaho,ID 076,Dairy Milking Cows,Cattle,
,,ID 077,Dairy Milking Cows,Cattle,
,,ID 078,Dairy Milking Cows,Cattle,
,,ID 079,Dairy Milking Cows,Cattle,
,,ID 080,Dairy Milking Cows,Cattle,
,,ID 081,Dairy Milking Cows,Cattle,
,,ID 082,Dairy Milking Cows,Cattle,
,,ID 083,Dairy Milking Cows,Cattle,
,,ID 084,Dairy Milking Cows,Cattle,
,,ID 085,Dairy Milking Cows,Cattle,
,,ID 086,Dairy Milking Cows,Cattle,
,,ID 087,Dairy Milking Cows,Cattle,
,,ID 088,Dairy Milking Cows,Cattle,
,,ID 089,Dairy Milking Cows,Cattle,
,,ID 090,Dairy Milking Cows,Cattle,
23-Apr-25,Arizona,AZ 003,Dairy Milking Cows,Cattle,
21-Apr-25,California,CA 772,Dairy Milking Cows,Cattle,
,Idaho,ID 059,Dairy Milking Cows,Cattle,
,,ID 068,Dairy Milking Cows,Cattle,
,,ID 069,Dairy Milking Cows,Cattle,
,,ID 070,Dairy Milking Cows,Cattle,
,,ID 071,Dairy Milking Cows,Cattle,
,,ID 072,Dairy Milking Cows,Cattle,
,,ID 073,Dairy Milking Cows,Cattle,
,,ID 074,Dairy Milking Cows,Cattle,
,,ID 075,Dairy Milking Cows,Cattle,
14-Apr-25,California,CA 756,Dairy Milking Cows,Cattle,
11-Apr-25,California,CA 741,Dairy Milking Cows,Cattle,
,,CA 770,Dairy Milking Cows,Cattle,
,,CA 771,Dairy Milking Cows,Cattle,
,Idaho,ID 060,Dairy Milking Cows,Cattle,
,,ID 061,Dairy Milking Cows,Cattle,
,,ID 062,Dairy Milking Cows,Cattle,
,,ID 063,Dairy Milking Cows,Cattle,
,,ID 064,Dairy Milking Cows,Cattle,
,,ID 065,Dairy Milking Cows,Cattle,
,,ID 066,Dairy Milking Cows,Cattle,
,,ID 067,Dairy Milking Cows,Cattle,
09-Apr-25,Arizona,AZ 002,Dairy Milking Cows,Cattle,
,Idaho,ID 050,Dairy Milking Cows,Cattle,
,,ID 052,Dairy Milking Cows,Cattle,
07-Apr-25,California,CA 769,Dairy Milking Cows,Cattle,
,Idaho,ID 054,Dairy Milking Cows,Cattle,
,,ID 055,Dairy Milking Cows,Cattle,
,,ID 056,Dairy Milking Cows,Cattle,
,,ID 057,Dairy Milking Cows,Cattle,
,,ID 058,Dairy Milking Cows,Cattle,
31-Mar-25,Idaho,ID 051,Dairy Milking Cows,Cattle,
28-Mar-25,California,CA 768,Dairy Milking Cows,Cattle,
,Idaho,ID 049,Dairy Milking Cows,Cattle,
,,ID 053,Dairy Milking Cows,Cattle,
26-Mar-25,California,CA 767,Dairy Milking Cows,Cattle,
,Nevada,NV 012,Dairy Milking Cows,Cattle,
24-Mar-25,California,CA 766,Dairy Milking Cows,Cattle,
,Idaho,ID 046,Dairy Milking Cows,Cattle,
,,ID 047,Dairy Milking Cows,Cattle,
,,ID 048,Dairy Milking Cows,Cattle,
14-Mar-25,California,CA 763,Dairy Milking Cows,Cattle,
,Idaho,ID 043,Dairy Milking Cows,Cattle,
,,ID 044,Dairy Milking Cows,Cattle,
,,ID 045,Dairy Milking Cows,Cattle,
11-Mar-25,Idaho,ID 041,Dairy Milking Cows,Cattle,
,,ID 042,Dairy Milking Cows,Cattle,
10-Mar-25,California,CA 645,Dairy Milking Cows,Cattle,
07-Mar-25,California,CA 759,Dairy Milking Cows,Cattle,
,,CA 760,Dairy Milking Cows,Cattle,
,,CA 761,Dairy Milking Cows,Cattle,
,,CA 762,Dairy Milking Cows,Cattle,
04-Mar-25,California,CA 758,Dairy Milking Cows,Cattle,
03-Mar-25,California,CA 757,Dairy Milking Cows,Cattle,
28-Feb-25,Idaho,ID 040,Dairy Milking Cows,Cattle,
25-Feb-25,Nevada,NV 010,Dairy Milking Cows,Cattle,
,,NV 011,Dairy Milking Cows,Cattle,
24-Feb-25,California,CA 755,Dairy Milking Cows,Cattle,
14-Feb-25,Arizona,AZ 001,Dairy Milking Cows,Cattle,
,California,CA 754,Dairy Milking Cows,Cattle,
,Nevada,NV 009,Dairy Milking Cows,Cattle,
12-Feb-25,California,CA 753,Dairy Milking Cows,Cattle,
10-Feb-25,California,CA 724,Dairy Milking Cows,Cattle,
,,CA 727,Dairy Milking Cows,Cattle,
,,CA 729,Dairy Milking Cows,Cattle,
,,CA 730,Dairy Milking Cows,Cattle,
,,CA 731,Dairy Milking Cows,Cattle,
06-Feb-25,Nevada,NV 007,Dairy Milking Cows,Cattle,
,,NV 008,Dairy Milking Cows,Cattle,
03-Feb-25,California,CA 698,Dairy Milking Cows,Cattle,
,,CA 713,Dairy Milking Cows,Cattle,
31-Jan-25,California,CA 746,Dairy Milking Cows,Cattle,
,,CA 752,Dairy Milking Cows,Cattle,
,Nevada,NV 002,Dairy Milking Cows,Cattle,
,,NV 003,Dairy Milking Cows,Cattle,
,,NV 004,Dairy Milking Cows,Cattle,
,,NV 005,Dairy Milking Cows,Cattle,
28-Jan-25,California,CA 370,Dairy Milking Cows,Cattle,
,,CA 749,Dairy Milking Cows,Cattle,
27-Jan-25,California,CA 410,Dairy Milking Cows,Cattle,
,,CA 747,Dairy Milking Cows,Cattle,
24-Jan-25,California,CA 745,Dairy Milking Cows,Cattle,
,,CA 748,Dairy Milking Cows,Cattle,
23-Jan-25,California,CA 602,Dairy Milking Cows,Cattle,
,,CA 603,Dairy Milking Cows,Cattle,
,,CA 604,Dairy Milking Cows,Cattle,
22-Jan-25,California,CA 655,Dairy Milking Cows,Cattle,
,,CA 726,Dairy Milking Cows,Cattle,
,,CA 728,Dairy Milking Cows,Cattle,
,,CA 733,Dairy Milking Cows,Cattle,
,,CA 744,Dairy Milking Cows,Cattle,
21-Jan-25,California,CA 739,Dairy Milking Cows,Cattle,
,,CA 740,Dairy Milking Cows,Cattle,
,,CA 742,Dairy Milking Cows,Cattle,
,Michigan,MI 032,Dairy Milking Cows,Cattle,
17-Jan-25,California,CA 738,Dairy Milking Cows,Cattle,
14-Jan-25,California,CA 725,Dairy Milking Cows,Cattle,
,,CA 732,Dairy Milking Cows,Cattle,
,,CA 734,Dairy Milking Cows,Cattle,
,,CA 735,Dairy Milking Cows,Cattle,
,,CA 736,Dairy Milking Cows,Cattle,
,,CA 737,Dairy Milking Cows,Cattle,
13-Jan-25,California,CA 721,Dairy Milking Cows,Cattle,
,,CA 722,Dairy Milking Cows,Cattle,
12-Jan-25,California,CA 648,Dairy Milking Cows,Cattle,
10-Jan-25,California,CA 723,Dairy Milking Cows,Cattle,
08-Jan-25,California,CA 720,Dairy Milking Cows,Cattle,
07-Jan-25,California,CA 717,Dairy Milking Cows,Cattle,
,,CA 718,Dairy Milking Cows,Cattle,
,,CA 719,Dairy Milking Cows,Cattle,
03-Jan-25,California,CA 371,Dairy Milking Cows,Cattle,
,,CA 714,Dairy Milking Cows,Cattle,
,,CA 715,Dairy Milking Cows,Cattle,
,,CA 716,Dairy Milking Cows,Cattle,
31-Dec-24,California,CA 711,Dairy Milking Cows,Cattle,
,,CA 712,Dairy Milking Cows,Cattle,
30-Dec-24,Michigan,MI 031,Dairy Milking Cows,Cattle,
27-Dec-24,California,CA 707,Dairy Milking Cows,Cattle,
,,CA 708,Dairy Milking Cows,Cattle,
,,CA 709,Dairy Milking Cows,Cattle,
26-Dec-24,California,CA 692,Dairy Milking Cows,Cattle,
,,CA 693,Dairy Milking Cows,Cattle,
,,CA 694,Dairy Milking Cows,Cattle,
,,CA 696,Dairy Milking Cows,Cattle,
,,CA 702,Dairy Milking Cows,Cattle,
,,CA 703,Dairy Milking Cows,Cattle,
,,CA 704,Dairy Milking Cows,Cattle,
,,CA 706,Dairy Milking Cows,Cattle,
,,CA 710,Dairy Milking Cows,Cattle,
24-Dec-24,California,CA 338,Dairy Milking Cows,Cattle,
,,CA 637,Dairy Milking Cows,Cattle,
,,CA 697,Dairy Milking Cows,Cattle,
,,CA 700,Dairy Milking Cows,Cattle,
23-Dec-24,California,CA 680,Dairy Milking Cows,Cattle,
,,CA 681,Dairy Milking Cows,Cattle,
,,CA 682,Dairy Milking Cows,Cattle,
,,CA 683,Dairy Milking Cows,Cattle,
,,CA 684,Dairy Milking Cows,Cattle,
,,CA 685,Dairy Milking Cows,Cattle,
,,CA 686,Dairy Milking Cows,Cattle,
,,CA 687,Dairy Milking Cows,Cattle,
,,CA 688,Dairy Milking Cows,Cattle,
,,CA 689,Dairy Milking Cows,Cattle,
,,CA 690,Dairy Milking Cows,Cattle,
,,CA 691,Dairy Milking Cows,Cattle,
,,CA 695,Dairy Milking Cows,Cattle,
,,CA 699,Dairy Milking Cows,Cattle,
,,CA 701,Dairy Milking Cows,Cattle,
,,CA 705,Dairy Milking Cows,Cattle,
19-Dec-24,California,CA 479,Dairy Milking Cows,Cattle,
18-Dec-24,California,CA 117,Dairy Milking Cows,Cattle,
,,CA 336,Dairy Milking Cows,Cattle,
,,CA 668,Dairy Milking Cows,Cattle,
,,CA 669,Dairy Milking Cows,Cattle,
,,CA 670,Dairy Milking Cows,Cattle,
,,CA 671,Dairy Milking Cows,Cattle,
,,CA 672,Dairy Milking Cows,Cattle,
,,CA 673,Dairy Milking Cows,Cattle,
,,CA 675,Dairy Milking Cows,Cattle,
,,CA 676,Dairy Milking Cows,Cattle,
,,CA 677,Dairy Milking Cows,Cattle,
,,CA 678,Dairy Milking Cows,Cattle,
,,CA 679,Dairy Milking Cows,Cattle,
17-Dec-24,California,CA 674,Dairy Milking Cows,Cattle,
16-Dec-24,California,CA 658,Dairy Milking Cows,Cattle,
,,CA 661,Dairy Milking Cows,Cattle,
,,CA 662,Dairy Milking Cows,Cattle,
,,CA 663,Dairy Milking Cows,Cattle,
,,CA 664,Dairy Milking Cows,Cattle,
,,CA 665,Dairy Milking Cows,Cattle,
,,CA 666,Dairy Milking Cows,Cattle,
14-Dec-24,California,CA 644,Dairy Milking Cows,Cattle,
13-Dec-24,California,CA 651,Dairy Milking Cows,Cattle,
,,CA 652,Dairy Milking Cows,Cattle,
,,CA 653,Dairy Milking Cows,Cattle,
,,CA 654,Dairy Milking Cows,Cattle,
,,CA 656,Dairy Milking Cows,Cattle,
,,CA 659,Dairy Milking Cows,Cattle,
,,CA 660,Dairy Milking Cows,Cattle,
,,CA 667,Dairy Milking Cows,Cattle,
,Texas,TX 027,Dairy Milking Cows,Cattle,
12-Dec-24,California,CA 337,Dairy Milking Cows,Cattle,
,,CA 568,Dairy Milking Cows,Cattle,
,,CA 642,Dairy Milking Cows,Cattle,
,,CA 646,Dairy Milking Cows,Cattle,
,,CA 647,Dairy Milking Cows,Cattle,
,,CA 649,Dairy Milking Cows,Cattle,
11-Dec-24,California,CA 554,Dairy Milking Cows,Cattle,
,,CA 575,Dairy Milking Cows,Cattle,
,,CA 589,Dairy Milking Cows,Cattle,
,,CA 638,Dairy Milking Cows,Cattle,
,,CA 639,Dairy Milking Cows,Cattle,
10-Dec-24,California,CA 534,Dairy Milking Cows,Cattle,
,,CA 547,Dairy Milking Cows,Cattle,
,,CA 548,Dairy Milking Cows,Cattle,
,,CA 551,Dairy Milking Cows,Cattle,
,,CA 558,Dairy Milking Cows,Cattle,
,,CA 560,Dairy Milking Cows,Cattle,
,,CA 563,Dairy Milking Cows,Cattle,
,,CA 569,Dairy Milking Cows,Cattle,
,,CA 570,Dairy Milking Cows,Cattle,
,,CA 571,Dairy Milking Cows,Cattle,
,,CA 574,Dairy Milking Cows,Cattle,
,,CA 576,Dairy Milking Cows,Cattle,
,,CA 578,Dairy Milking Cows,Cattle,
,,CA 579,Dairy Milking Cows,Cattle,
,,CA 580,Dairy Milking Cows,Cattle,
,,CA 581,Dairy Milking Cows,Cattle,
,,CA 583,Dairy Milking Cows,Cattle,
,,CA 585,Dairy Milking Cows,Cattle,
,,CA 586,Dairy Milking Cows,Cattle,
,,CA 587,Dairy Milking Cows,Cattle,
,,CA 588,Dairy Milking Cows,Cattle,
,,CA 591,Dairy Milking Cows,Cattle,
,,CA 592,Dairy Milking Cows,Cattle,
,,CA 593,Dairy Milking Cows,Cattle,
,,CA 594,Dairy Milking Cows,Cattle,
,,CA 595,Dairy Milking Cows,Cattle,
,,CA 596,Dairy Milking Cows,Cattle,
,,CA 597,Dairy Milking Cows,Cattle,
,,CA 598,Dairy Milking Cows,Cattle,
,,CA 599,Dairy Milking Cows,Cattle,
,,CA 600,Dairy Milking Cows,Cattle,
,,CA 601,Dairy Milking Cows,Cattle,
,,CA 605,Dairy Milking Cows,Cattle,
,,CA 606,Dairy Milking Cows,Cattle,
,,CA 607,Dairy Milking Cows,Cattle,
,,CA 608,Dairy Milking Cows,Cattle,
,,CA 609,Dairy Milking Cows,Cattle,
,,CA 610,Dairy Milking Cows,Cattle,
,,CA 611,Dairy Milking Cows,Cattle,
,,CA 612,Dairy Milking Cows,Cattle,
,,CA 613,Dairy Milking Cows,Cattle,
,,CA 614,Dairy Milking Cows,Cattle,
,,CA 615,Dairy Milking Cows,Cattle,
,,CA 616,Dairy Milking Cows,Cattle,
,,CA 617,Dairy Milking Cows,Cattle,
,,CA 618,Dairy Milking Cows,Cattle,
,,CA 619,Dairy Milking Cows,Cattle,
,,CA 620,Dairy Milking Cows,Cattle,
,,CA 621,Dairy Milking Cows,Cattle,
,,CA 622,Dairy Milking Cows,Cattle,
,,CA 623,Dairy Milking Cows,Cattle,
,,CA 624,Dairy Milking Cows,Cattle,
,,CA 625,Dairy Milking Cows,Cattle,
,,CA 626,Dairy Milking Cows,Cattle,
,,CA 627,Dairy Milking Cows,Cattle,
,,CA 628,Dairy Milking Cows,Cattle,
,,CA 629,Dairy Milking Cows,Cattle,
,,CA 630,Dairy Milking Cows,Cattle,
,,CA 631,Dairy Milking Cows,Cattle,
,,CA 632,Dairy Milking Cows,Cattle,
,,CA 633,Dairy Milking Cows,Cattle,
,,CA 634,Dairy Milking Cows,Cattle,
,,CA 635,Dairy Milking Cows,Cattle,
,,CA 636,Dairy Milking Cows,Cattle,
,,CA 640,Dairy Milking Cows,Cattle,
,,CA 641,Dairy Milking Cows,Cattle,
,,CA 650,Dairy Milking Cows,Cattle,
09-Dec-24,California,CA 529,Dairy Milking Cows,Cattle,
,,CA 530,Dairy Milking Cows,Cattle,
,,CA 531,Dairy Milking Cows,Cattle,
,,CA 532,Dairy Milking Cows,Cattle,
,,CA 533,Dairy Milking Cows,Cattle,
,,CA 535,Dairy Milking Cows,Cattle,
,,CA 536,Dairy Milking Cows,Cattle,
,,CA 537,Dairy Milking Cows,Cattle,
,,CA 538,Dairy Milking Cows,Cattle,
,,CA 539,Dairy Milking Cows,Cattle,
,,CA 540,Dairy Milking Cows,Cattle,
,,CA 541,Dairy Milking Cows,Cattle,
,,CA 542,Dairy Milking Cows,Cattle,
,,CA 543,Dairy Milking Cows,Cattle,
,,CA 544,Dairy Milking Cows,Cattle,
,,CA 545,Dairy Milking Cows,Cattle,
,,CA 546,Dairy Milking Cows,Cattle,
,,CA 549,Dairy Milking Cows,Cattle,
,,CA 550,Dairy Milking Cows,Cattle,
,,CA 552,Dairy Milking Cows,Cattle,
,,CA 553,Dairy Milking Cows,Cattle,
,,CA 555,Dairy Milking Cows,Cattle,
,,CA 556,Dairy Milking Cows,Cattle,
,,CA 557,Dairy Milking Cows,Cattle,
,,CA 559,Dairy Milking Cows,Cattle,
,,CA 561,Dairy Milking Cows,Cattle,
,,CA 562,Dairy Milking Cows,Cattle,
,,CA 564,Dairy Milking Cows,Cattle,
,,CA 565,Dairy Milking Cows,Cattle,
,,CA 566,Dairy Milking Cows,Cattle,
,,CA 567,Dairy Milking Cows,Cattle,
,,CA 572,Dairy Milking Cows,Cattle,
,,CA 573,Dairy Milking Cows,Cattle,
,,CA 577,Dairy Milking Cows,Cattle,
,,CA 582,Dairy Milking Cows,Cattle,
,,CA 584,Dairy Milking Cows,Cattle,
,,CA 590,Dairy Milking Cows,Cattle,
06-Dec-24,California,CA 514,Dairy Milking Cows,Cattle,
,,CA 515,Dairy Milking Cows,Cattle,
,,CA 516,Dairy Milking Cows,Cattle,
,,CA 517,Dairy Milking Cows,Cattle,
,,CA 518,Dairy Milking Cows,Cattle,
,,CA 519,Dairy Milking Cows,Cattle,
,,CA 520,Dairy Milking Cows,Cattle,
,,CA 521,Dairy Milking Cows,Cattle,
,,CA 522,Dairy Milking Cows,Cattle,
,,CA 523,Dairy Milking Cows,Cattle,
,,CA 524,Dairy Milking Cows,Cattle,
,,CA 525,Dairy Milking Cows,Cattle,
,,CA 526,Dairy Milking Cows,Cattle,
,,CA 527,Dairy Milking Cows,Cattle,
,Nevada,NV 001,Dairy Milking Cows,Cattle,
05-Dec-24,California,CA 485,Dairy Milking Cows,Cattle,
04-Dec-24,California,CA 528,Dairy Milking Cows,Cattle,
03-Dec-24,California,CA 240,Dairy Milking Cows,Cattle,
,,CA 254,Dairy Milking Cows,Cattle,
,,CA 490,Dairy Milking Cows,Cattle,
,,CA 491,Dairy Milking Cows,Cattle,
,,CA 492,Dairy Milking Cows,Cattle,
,,CA 493,Dairy Milking Cows,Cattle,
,,CA 494,Dairy Milking Cows,Cattle,
,,CA 495,Dairy Milking Cows,Cattle,
,,CA 496,Dairy Milking Cows,Cattle,
,,CA 497,Dairy Milking Cows,Cattle,
,,CA 498,Dairy Milking Cows,Cattle,
,,CA 499,Dairy Milking Cows,Cattle,
,,CA 500,Dairy Milking Cows,Cattle,
,,CA 501,Dairy Milking Cows,Cattle,
,,CA 502,Dairy Milking Cows,Cattle,
,,CA 503,Dairy Milking Cows,Cattle,
,,CA 506,Dairy Milking Cows,Cattle,
,,CA 507,Dairy Milking Cows,Cattle,
,,CA 509,Dairy Milking Cows,Cattle,
,,CA 510,Dairy Milking Cows,Cattle,
,,CA 511,Dairy Milking Cows,Cattle,
,,CA 512,Dairy Milking Cows,Cattle,
,,CA 513,Dairy Milking Cows,Cattle,
02-Dec-24,California,CA 486,Dairy Milking Cows,Cattle,
,,CA 487,Dairy Milking Cows,Cattle,
,,CA 488,Dairy Milking Cows,Cattle,
,,CA 504,Dairy Milking Cows,Cattle,
,,CA 505,Dairy Milking Cows,Cattle,
,,CA 508,Dairy Milking Cows,Cattle,
27-Nov-24,California,CA 472,Dairy Milking Cows,Cattle,
,,CA 473,Dairy Milking Cows,Cattle,
,,CA 474,Dairy Milking Cows,Cattle,
,,CA 475,Dairy Milking Cows,Cattle,
,,CA 476,Dairy Milking Cows,Cattle,
,,CA 477,Dairy Milking Cows,Cattle,
,,CA 478,Dairy Milking Cows,Cattle,
,,CA 480,Dairy Milking Cows,Cattle,
,,CA 481,Dairy Milking Cows,Cattle,
,,CA 482,Dairy Milking Cows,Cattle,
,,CA 483,Dairy Milking Cows,Cattle,
,,CA 484,Dairy Milking Cows,Cattle,
,,CA 489,Dairy Milking Cows,Cattle,
25-Nov-24,California,CA 419,Dairy Milking Cows,Cattle,
,,CA 445,Dairy Milking Cows,Cattle,
,,CA 446,Dairy Milking Cows,Cattle,
,,CA 447,Dairy Milking Cows,Cattle,
,,CA 448,Dairy Milking Cows,Cattle,
,,CA 449,Dairy Milking Cows,Cattle,
,,CA 450,Dairy Milking Cows,Cattle,
,,CA 451,Dairy Milking Cows,Cattle,
,,CA 452,Dairy Milking Cows,Cattle,
,,CA 453,Dairy Milking Cows,Cattle,
,,CA 454,Dairy Milking Cows,Cattle,
,,CA 455,Dairy Milking Cows,Cattle,
,,CA 456,Dairy Milking Cows,Cattle,
,,CA 457,Dairy Milking Cows,Cattle,
,,CA 458,Dairy Milking Cows,Cattle,
,,CA 459,Dairy Milking Cows,Cattle,
,,CA 460,Dairy Milking Cows,Cattle,
,,CA 461,Dairy Milking Cows,Cattle,
,,CA 462,Dairy Milking Cows,Cattle,
,,CA 463,Dairy Milking Cows,Cattle,
,,CA 464,Dairy Milking Cows,Cattle,
,,CA 465,Dairy Milking Cows,Cattle,
,,CA 466,Dairy Milking Cows,Cattle,
,,CA 467,Dairy Milking Cows,Cattle,
,,CA 468,Dairy Milking Cows,Cattle,
22-Nov-24,California,CA 335,Dairy Milking Cows,Cattle,
,,CA 373,Dairy Milking Cows,Cattle,
,,CA 422,Dairy Milking Cows,Cattle,
,,CA 423,Dairy Milking Cows,Cattle,
,,CA 425,Dairy Milking Cows,Cattle,
,,CA 426,Dairy Milking Cows,Cattle,
,,CA 428,Dairy Milking Cows,Cattle,
,,CA 429,Dairy Milking Cows,Cattle,
,,CA 430,Dairy Milking Cows,Cattle,
,,CA 431,Dairy Milking Cows,Cattle,
,,CA 435,Dairy Milking Cows,Cattle,
,,CA 436,Dairy Milking Cows,Cattle,
,,CA 437,Dairy Milking Cows,Cattle,
,,CA 438,Dairy Milking Cows,Cattle,
,,CA 439,Dairy Milking Cows,Cattle,
,,CA 440,Dairy Milking Cows,Cattle,
,,CA 441,Dairy Milking Cows,Cattle,
,,CA 442,Dairy Milking Cows,Cattle,
,,CA 443,Dairy Milking Cows,Cattle,
,,CA 444,Dairy Milking Cows,Cattle,
,,CA 469,Dairy Milking Cows,Cattle,
,,CA 470,Dairy Milking Cows,Cattle,
,,CA 471,Dairy Milking Cows,Cattle,
21-Nov-24,California,CA 028,Dairy Milking Cows,Cattle,
,,CA 347,Dairy Milking Cows,Cattle,
,,CA 348,Dairy Milking Cows,Cattle,
,,CA 358,Dairy Milking Cows,Cattle,
,,CA 363,Dairy Milking Cows,Cattle,
,,CA 364,Dairy Milking Cows,Cattle,
,,CA 421,Dairy Milking Cows,Cattle,
,,CA 427,Dairy Milking Cows,Cattle,
,,CA 432,Dairy Milking Cows,Cattle,
,,CA 433,Dairy Milking Cows,Cattle,
20-Nov-24,California,CA 352,Dairy Milking Cows,Cattle,
,,CA 404,Dairy Milking Cows,Cattle,
,,CA 418,Dairy Milking Cows,Cattle,
,,CA 420,Dairy Milking Cows,Cattle,
,,CA 424,Dairy Milking Cows,Cattle,
,,CA 434,Dairy Milking Cows,Cattle,
19-Nov-24,California,CA 226,Dairy Milking Cows,Cattle,
,,CA 281,Dairy Milking Cows,Cattle,
,,CA 301,Dairy Milking Cows,Cattle,
,,CA 350,Dairy Milking Cows,Cattle,
,,CA 351,Dairy Milking Cows,Cattle,
,,CA 353,Dairy Milking Cows,Cattle,
,,CA 354,Dairy Milking Cows,Cattle,
,,CA 355,Dairy Milking Cows,Cattle,
,,CA 356,Dairy Milking Cows,Cattle,
,,CA 357,Dairy Milking Cows,Cattle,
,,CA 359,Dairy Milking Cows,Cattle,
,,CA 360,Dairy Milking Cows,Cattle,
,,CA 361,Dairy Milking Cows,Cattle,
,,CA 362,Dairy Milking Cows,Cattle,
18-Nov-24,California,CA 349,Dairy Milking Cows,Cattle,
,,CA 365,Dairy Milking Cows,Cattle,
,,CA 366,Dairy Milking Cows,Cattle,
,,CA 367,Dairy Milking Cows,Cattle,
,,CA 368,Dairy Milking Cows,Cattle,
,,CA 369,Dairy Milking Cows,Cattle,
,,CA 374,Dairy Milking Cows,Cattle,
,,CA 375,Dairy Milking Cows,Cattle,
,,CA 376,Dairy Milking Cows,Cattle,
,,CA 377,Dairy Milking Cows,Cattle,
,,CA 378,Dairy Milking Cows,Cattle,
,,CA 379,Dairy Milking Cows,Cattle,
,,CA 380,Dairy Milking Cows,Cattle,
,,CA 381,Dairy Milking Cows,Cattle,
,,CA 382,Dairy Milking Cows,Cattle,
,,CA 383,Dairy Milking Cows,Cattle,
,,CA 384,Dairy Milking Cows,Cattle,
,,CA 385,Dairy Milking Cows,Cattle,
,,CA 386,Dairy Milking Cows,Cattle,
,,CA 387,Dairy Milking Cows,Cattle,
,,CA 388,Dairy Milking Cows,Cattle,
,,CA 389,Dairy Milking Cows,Cattle,
,,CA 390,Dairy Milking Cows,Cattle,
,,CA 391,Dairy Milking Cows,Cattle,
,,CA 392,Dairy Milking Cows,Cattle,
,,CA 393,Dairy Milking Cows,Cattle,
,,CA 394,Dairy Milking Cows,Cattle,
,,CA 395,Dairy Milking Cows,Cattle,
,,CA 396,Dairy Milking Cows,Cattle,
,,CA 397,Dairy Milking Cows,Cattle,
,,CA 398,Dairy Milking Cows,Cattle,
,,CA 399,Dairy Milking Cows,Cattle,
,,CA 400,Dairy Milking Cows,Cattle,
,,CA 401,Dairy Milking Cows,Cattle,
,,CA 402,Dairy Milking Cows,Cattle,
,,CA 403,Dairy Milking Cows,Cattle,
,,CA 405,Dairy Milking Cows,Cattle,
,,CA 406,Dairy Milking Cows,Cattle,
,,CA 407,Dairy Milking Cows,Cattle,
,,CA 408,Dairy Milking Cows,Cattle,
,,CA 409,Dairy Milking Cows,Cattle,
,,CA 411,Dairy Milking Cows,Cattle,
,,CA 412,Dairy Milking Cows,Cattle,
,,CA 413,Dairy Milking Cows,Cattle,
,,CA 414,Dairy Milking Cows,Cattle,
,,CA 415,Dairy Milking Cows,Cattle,
,,CA 416,Dairy Milking Cows,Cattle,
,,CA 417,Dairy Milking Cows,Cattle,
15-Nov-24,California,CA 314,Dairy Milking Cows,Cattle,
,,CA 340,Dairy Milking Cows,Cattle,
,,CA 341,Dairy Milking Cows,Cattle,
,,CA 342,Dairy Milking Cows,Cattle,
,,CA 343,Dairy Milking Cows,Cattle,
,,CA 344,Dairy Milking Cows,Cattle,
,,CA 345,Dairy Milking Cows,Cattle,
,,CA 372,Dairy Milking Cows,Cattle,
14-Nov-24,California,CA 302,Dairy Milking Cows,Cattle,
,,CA 303,Dairy Milking Cows,Cattle,
,,CA 304,Dairy Milking Cows,Cattle,
,,CA 305,Dairy Milking Cows,Cattle,
,,CA 306,Dairy Milking Cows,Cattle,
,,CA 307,Dairy Milking Cows,Cattle,
,,CA 308,Dairy Milking Cows,Cattle,
,,CA 309,Dairy Milking Cows,Cattle,
,,CA 310,Dairy Milking Cows,Cattle,
,,CA 311,Dairy Milking Cows,Cattle,
,,CA 312,Dairy Milking Cows,Cattle,
,,CA 313,Dairy Milking Cows,Cattle,
,,CA 315,Dairy Milking Cows,Cattle,
,,CA 316,Dairy Milking Cows,Cattle,
,,CA 317,Dairy Milking Cows,Cattle,
,,CA 318,Dairy Milking Cows,Cattle,
,,CA 319,Dairy Milking Cows,Cattle,
,,CA 320,Dairy Milking Cows,Cattle,
,,CA 321,Dairy Milking Cows,Cattle,
,,CA 322,Dairy Milking Cows,Cattle,
,,CA 323,Dairy Milking Cows,Cattle,
,,CA 324,Dairy Milking Cows,Cattle,
,,CA 325,Dairy Milking Cows,Cattle,
,,CA 326,Dairy Milking Cows,Cattle,
,,CA 327,Dairy Milking Cows,Cattle,
,,CA 328,Dairy Milking Cows,Cattle,
,,CA 329,Dairy Milking Cows,Cattle,
,,CA 330,Dairy Milking Cows,Cattle,
,,CA 331,Dairy Milking Cows,Cattle,
,,CA 332,Dairy Milking Cows,Cattle,
,,CA 333,Dairy Milking Cows,Cattle,
,,CA 334,Dairy Milking Cows,Cattle,
,,CA 339,Dairy Milking Cows,Cattle,
13-Nov-24,California,CA 177,Dairy Milking Cows,Cattle,
,,CA 182,Dairy Milking Cows,Cattle,
,,CA 205,Dairy Milking Cows,Cattle,
12-Nov-24,California,CA 264,Dairy Milking Cows,Cattle,
,,CA 269,Dairy Milking Cows,Cattle,
,,CA 270,Dairy Milking Cows,Cattle,
,,CA 271,Dairy Milking Cows,Cattle,
,,CA 272,Dairy Milking Cows,Cattle,
,,CA 273,Dairy Milking Cows,Cattle,
,,CA 274,Dairy Milking Cows,Cattle,
,,CA 275,Dairy Milking Cows,Cattle,
,,CA 276,Dairy Milking Cows,Cattle,
,,CA 277,Dairy Milking Cows,Cattle,
,,CA 278,Dairy Milking Cows,Cattle,
,,CA 279,Dairy Milking Cows,Cattle,
,,CA 280,Dairy Milking Cows,Cattle,
08-Nov-24,California,CA 225,Dairy Milking Cows,Cattle,
,,CA 283,Dairy Milking Cows,Cattle,
,,CA 284,Dairy Milking Cows,Cattle,
,,CA 285,Dairy Milking Cows,Cattle,
,,CA 286,Dairy Milking Cows,Cattle,
,,CA 287,Dairy Milking Cows,Cattle,
,,CA 288,Dairy Milking Cows,Cattle,
,,CA 289,Dairy Milking Cows,Cattle,
,,CA 290,Dairy Milking Cows,Cattle,
,,CA 291,Dairy Milking Cows,Cattle,
,,CA 292,Dairy Milking Cows,Cattle,
,,CA 293,Dairy Milking Cows,Cattle,
,,CA 294,Dairy Milking Cows,Cattle,
,,CA 295,Dairy Milking Cows,Cattle,
,,CA 297,Dairy Milking Cows,Cattle,
,,CA 298,Dairy Milking Cows,Cattle,
,,CA 299,Dairy Milking Cows,Cattle,
06-Nov-24,California,CA 210,Dairy Milking Cows,Cattle,
,,CA 245,Dairy Milking Cows,Cattle,
,,CA 246,Dairy Milking Cows,Cattle,
,,CA 247,Dairy Milking Cows,Cattle,
,,CA 248,Dairy Milking Cows,Cattle,
,,CA 249,Dairy Milking Cows,Cattle,
,,CA 250,Dairy Milking Cows,Cattle,
,,CA 251,Dairy Milking Cows,Cattle,
,,CA 252,Dairy Milking Cows,Cattle,
,,CA 253,Dairy Milking Cows,Cattle,
,,CA 255,Dairy Milking Cows,Cattle,
,,CA 256,Dairy Milking Cows,Cattle,
,,CA 257,Dairy Milking Cows,Cattle,
,,CA 258,Dairy Milking Cows,Cattle,
,,CA 259,Dairy Milking Cows,Cattle,
,,CA 260,Dairy Milking Cows,Cattle,
,,CA 261,Dairy Milking Cows,Cattle,
,,CA 262,Dairy Milking Cows,Cattle,
,,CA 263,Dairy Milking Cows,Cattle,
,,CA 265,Dairy Milking Cows,Cattle,
,,CA 266,Dairy Milking Cows,Cattle,
,,CA 267,Dairy Milking Cows,Cattle,
,,CA 268,Dairy Milking Cows,Cattle,
,,CA 296,Dairy Milking Cows,Cattle,
,,CA 346,Dairy Milking Cows,Cattle,
,Utah,UT 011,Dairy Milking Cows,Cattle,
,,UT 012,Dairy Milking Cows,Cattle,
,,UT 013,Dairy Milking Cows,Cattle,
,,UT 014,Dairy Milking Cows,Cattle,
05-Nov-24,California,CA 282,Dairy Milking Cows,Cattle,
,,CA 300,Dairy Milking Cows,Cattle,
04-Nov-24,Utah,UT 010,Dairy Milking Cows,Cattle,
01-Nov-24,California,CA 180,Dairy Milking Cows,Cattle,
,,CA 212,Dairy Milking Cows,Cattle,
,,CA 236,Dairy Milking Cows,Cattle,
,,CA 237,Dairy Milking Cows,Cattle,
,,CA 238,Dairy Milking Cows,Cattle,
,,CA 239,Dairy Milking Cows,Cattle,
,,CA 241,Dairy Milking Cows,Cattle,
,,CA 242,Dairy Milking Cows,Cattle,
,,CA 243,Dairy Milking Cows,Cattle,
31-Oct-24,California,CA 211,Dairy Milking Cows,Cattle,
,,CA 213,Dairy Milking Cows,Cattle,
,,CA 214,Dairy Milking Cows,Cattle,
,,CA 215,Dairy Milking Cows,Cattle,
,,CA 216,Dairy Milking Cows,Cattle,
,,CA 217,Dairy Milking Cows,Cattle,
,,CA 218,Dairy Milking Cows,Cattle,
,,CA 219,Dairy Milking Cows,Cattle,
,,CA 220,Dairy Milking Cows,Cattle,
,,CA 221,Dairy Milking Cows,Cattle,
,,CA 222,Dairy Milking Cows,Cattle,
,,CA 223,Dairy Milking Cows,Cattle,
,,CA 224,Dairy Milking Cows,Cattle,
,,CA 227,Dairy Milking Cows,Cattle,
,,CA 228,Dairy Milking Cows,Cattle,
,,CA 229,Dairy Milking Cows,Cattle,
,,CA 230,Dairy Milking Cows,Cattle,
,,CA 231,Dairy Milking Cows,Cattle,
,,CA 232,Dairy Milking Cows,Cattle,
,,CA 233,Dairy Milking Cows,Cattle,
,,CA 234,Dairy Milking Cows,Cattle,
,,CA 235,Dairy Milking Cows,Cattle,
,,CA 244,Dairy Milking Cows,Cattle,
,Utah,UT 002,Dairy Milking Cows,Cattle,
,,UT 003,Dairy Milking Cows,Cattle,
,,UT 004,Dairy Milking Cows,Cattle,
,,UT 005,Dairy Milking Cows,Cattle,
,,UT 006,Dairy Milking Cows,Cattle,
,,UT 007,Dairy Milking Cows,Cattle,
,,UT 008,Dairy Milking Cows,Cattle,
,,UT 009,Dairy Milking Cows,Cattle,
30-Oct-24,Oregon,OR 001,Backyard Producer,Swine,
29-Oct-24,California,CA 198,Dairy Milking Cows,Cattle,
,,CA 199,Dairy Milking Cows,Cattle,
,,CA 200,Dairy Milking Cows,Cattle,
,,CA 201,Dairy Milking Cows,Cattle,
,,CA 202,Dairy Milking Cows,Cattle,
,,CA 203,Dairy Milking Cows,Cattle,
,,CA 206,Dairy Milking Cows,Cattle,
,,CA 207,Dairy Milking Cows,Cattle,
,,CA 209,Dairy Milking Cows,Cattle,
28-Oct-24,California,CA 092,Dairy Milking Cows,Cattle,
,,CA 096,Dairy Milking Cows,Cattle,
,,CA 106,Dairy Milking Cows,Cattle,
,,CA 195,Dairy Milking Cows,Cattle,
,,CA 196,Dairy Milking Cows,Cattle,
,,CA 197,Dairy Milking Cows,Cattle,
25-Oct-24,California,CA 140,Dairy Milking Cows,Cattle,
,,CA 141,Dairy Milking Cows,Cattle,
,,CA 142,Dairy Milking Cows,Cattle,
,,CA 144,Dairy Milking Cows,Cattle,
,,CA 145,Dairy Milking Cows,Cattle,
,,CA 146,Dairy Milking Cows,Cattle,
,,CA 162,Dairy Milking Cows,Cattle,
,,CA 163,Dairy Milking Cows,Cattle,
,,CA 164,Dairy Milking Cows,Cattle,
,,CA 165,Dairy Milking Cows,Cattle,
,,CA 166,Dairy Milking Cows,Cattle,
,,CA 167,Dairy Milking Cows,Cattle,
,,CA 169,Dairy Milking Cows,Cattle,
,,CA 170,Dairy Milking Cows,Cattle,
,,CA 171,Dairy Milking Cows,Cattle,
,,CA 172,Dairy Milking Cows,Cattle,
,,CA 173,Dairy Milking Cows,Cattle,
,,CA 174,Dairy Milking Cows,Cattle,
,,CA 175,Dairy Milking Cows,Cattle,
,,CA 176,Dairy Milking Cows,Cattle,
,,CA 190,Dairy Milking Cows,Cattle,
,,CA 191,Dairy Milking Cows,Cattle,
,,CA 192,Dairy Milking Cows,Cattle,
,,CA 193,Dairy Milking Cows,Cattle,
,,CA 194,Dairy Milking Cows,Cattle,
,,CA 204,Dairy Milking Cows,Cattle,
24-Oct-24,California,CA 143,Dairy Milking Cows,Cattle,
,,CA 148,Dairy Milking Cows,Cattle,
,,CA 149,Dairy Milking Cows,Cattle,
,,CA 150,Dairy Milking Cows,Cattle,
,,CA 151,Dairy Milking Cows,Cattle,
,,CA 153,Dairy Milking Cows,Cattle,
,,CA 154,Dairy Milking Cows,Cattle,
,,CA 155,Dairy Milking Cows,Cattle,
,,CA 156,Dairy Milking Cows,Cattle,
,,CA 157,Dairy Milking Cows,Cattle,
,,CA 158,Dairy Milking Cows,Cattle,
,,CA 159,Dairy Milking Cows,Cattle,
,,CA 168,Dairy Milking Cows,Cattle,
,,CA 178,Dairy Milking Cows,Cattle,
,,CA 179,Dairy Milking Cows,Cattle,
,,CA 181,Dairy Milking Cows,Cattle,
,,CA 183,Dairy Milking Cows,Cattle,
,,CA 184,Dairy Milking Cows,Cattle,
,,CA 185,Dairy Milking Cows,Cattle,
,,CA 186,Dairy Milking Cows,Cattle,
,,CA 187,Dairy Milking Cows,Cattle,
,,CA 188,Dairy Milking Cows,Cattle,
,,CA 189,Dairy Milking Cows,Cattle,
,,CA 208,Dairy Milking Cows,Cattle,
22-Oct-24,California,CA 152,Dairy Milking Cows,Cattle,
,,CA 160,Dairy Milking Cows,Cattle,
,,CA 161,Dairy Milking Cows,Cattle,
,Idaho,ID 038,Dairy Milking Cows,Cattle,
21-Oct-24,California,CA 139,Dairy Milking Cows,Cattle,
,Idaho,ID 037,Dairy Milking Cows,Cattle,
17-Oct-24,California,CA 137,Dairy Milking Cows,Cattle,
,,CA 138,Dairy Milking Cows,Cattle,
16-Oct-24,California,CA 116,Dairy Milking Cows,Cattle,
,,CA 130,Dairy Milking Cows,Cattle,
,,CA 131,Dairy Milking Cows,Cattle,
,,CA 132,Dairy Milking Cows,Cattle,
,,CA 133,Dairy Milking Cows,Cattle,
,,CA 134,Dairy Milking Cows,Cattle,
,,CA 135,Dairy Milking Cows,Cattle,
,,CA 136,Dairy Milking Cows,Cattle,
,,CA 147,Dairy Milking Cows,Cattle,
15-Oct-24,California,CA 110,Dairy Milking Cows,Cattle,
,,CA 111,Dairy Milking Cows,Cattle,
,,CA 112,Dairy Milking Cows,Cattle,
,,CA 113,Dairy Milking Cows,Cattle,
,,CA 114,Dairy Milking Cows,Cattle,
,,CA 115,Dairy Milking Cows,Cattle,
,,CA 118,Dairy Milking Cows,Cattle,
,,CA 119,Dairy Milking Cows,Cattle,
,,CA 120,Dairy Milking Cows,Cattle,
,,CA 121,Dairy Milking Cows,Cattle,
,,CA 122,Dairy Milking Cows,Cattle,
,,CA 123,Dairy Milking Cows,Cattle,
,,CA 124,Dairy Milking Cows,Cattle,
,,CA 125,Dairy Milking Cows,Cattle,
,,CA 126,Dairy Milking Cows,Cattle,
,,CA 127,Dairy Milking Cows,Cattle,
,,CA 128,Dairy Milking Cows,Cattle,
,,CA 129,Dairy Milking Cows,Cattle,
10-Oct-24,California,CA 104,Dairy Milking Cows,Cattle,
,,CA 105,Dairy Milking Cows,Cattle,
,,CA 107,Dairy Milking Cows,Cattle,
,,CA 108,Dairy Milking Cows,Cattle,
,,CA 109,Dairy Milking Cows,Cattle,
09-Oct-24,California,CA 054,Dairy Milking Cows,Cattle,
08-Oct-24,California,CA 099,Dairy Milking Cows,Cattle,
,,CA 102,Dairy Milking Cows,Cattle,
,,CA 103,Dairy Milking Cows,Cattle,
07-Oct-24,California,CA 084,Dairy Milking Cows,Cattle,
,,CA 085,Dairy Milking Cows,Cattle,
,,CA 086,Dairy Milking Cows,Cattle,
,,CA 087,Dairy Milking Cows,Cattle,
,,CA 088,Dairy Milking Cows,Cattle,
,,CA 089,Dairy Milking Cows,Cattle,
,,CA 090,Dairy Milking Cows,Cattle,
,,CA 091,Dairy Milking Cows,Cattle,
,,CA 093,Dairy Milking Cows,Cattle,
,,CA 094,Dairy Milking Cows,Cattle,
,,CA 095,Dairy Milking Cows,Cattle,
,,CA 097,Dairy Milking Cows,Cattle,
,,CA 098,Dairy Milking Cows,Cattle,
04-Oct-24,California,CA 059,Dairy Milking Cows,Cattle,
,,CA 075,Dairy Milking Cows,Cattle,
,,CA 076,Dairy Milking Cows,Cattle,
,,CA 077,Dairy Milking Cows,Cattle,
,,CA 078,Dairy Milking Cows,Cattle,
,,CA 079,Dairy Milking Cows,Cattle,
,,CA 080,Dairy Milking Cows,Cattle,
,,CA 081,Dairy Milking Cows,Cattle,
,,CA 082,Dairy Milking Cows,Cattle,
,,CA 083,Dairy Milking Cows,Cattle,
,,CA 100,Dairy Milking Cows,Cattle,
,,CA 101,Dairy Milking Cows,Cattle,
03-Oct-24,California,CA 060,Dairy Milking Cows,Cattle,
,,CA 061,Dairy Milking Cows,Cattle,
,,CA 062,Dairy Milking Cows,Cattle,
,,CA 063,Dairy Milking Cows,Cattle,
,,CA 064,Dairy Milking Cows,Cattle,
,,CA 065,Dairy Milking Cows,Cattle,
,,CA 066,Dairy Milking Cows,Cattle,
,,CA 067,Dairy Milking Cows,Cattle,
,,CA 068,Dairy Milking Cows,Cattle,
,,CA 069,Dairy Milking Cows,Cattle,
,,CA 070,Dairy Milking Cows,Cattle,
,,CA 071,Dairy Milking Cows,Cattle,
,,CA 072,Dairy Milking Cows,Cattle,
,,CA 073,Dairy Milking Cows,Cattle,
,,CA 074,Dairy Milking Cows,Cattle,
02-Oct-24,California,CA 048,Dairy Milking Cows,Cattle,
01-Oct-24,California,CA 043,Dairy Milking Cows,Cattle,
,,CA 047,Dairy Milking Cows,Cattle,
,,CA 049,Dairy Milking Cows,Cattle,
,,CA 050,Dairy Milking Cows,Cattle,
,,CA 051,Dairy Milking Cows,Cattle,
,,CA 052,Dairy Milking Cows,Cattle,
,,CA 053,Dairy Milking Cows,Cattle,
,,CA 055,Dairy Milking Cows,Cattle,
,,CA 056,Dairy Milking Cows,Cattle,
,,CA 057,Dairy Milking Cows,Cattle,
,,CA 058,Dairy Milking Cows,Cattle,
30-Sep-24,Idaho,ID 036,Dairy Milking Cows,Cattle,
27-Sep-24,California,CA 044,Dairy Milking Cows,Cattle,
,,CA 045,Dairy Milking Cows,Cattle,
,,CA 046,Dairy Milking Cows,Cattle,
,Idaho,ID 035,Dairy Milking Cows,Cattle,
24-Sep-24,California,CA 015,Dairy Milking Cows,Cattle,
23-Sep-24,California,CA 037,Dairy Milking Cows,Cattle,
,,CA 038,Dairy Milking Cows,Cattle,
,,CA 039,Dairy Milking Cows,Cattle,
,,CA 040,Dairy Milking Cows,Cattle,
,,CA 041,Dairy Milking Cows,Cattle,
,,CA 042,Dairy Milking Cows,Cattle,
20-Sep-24,California,CA 018,Dairy Milking Cows,Cattle,
,,CA 019,Dairy Milking Cows,Cattle,
,,CA 020,Dairy Milking Cows,Cattle,
,,CA 021,Dairy Milking Cows,Cattle,
,,CA 022,Dairy Milking Cows,Cattle,
,,CA 023,Dairy Milking Cows,Cattle,
,,CA 024,Dairy Milking Cows,Cattle,
,,CA 025,Dairy Milking Cows,Cattle,
,,CA 026,Dairy Milking Cows,Cattle,
,,CA 027,Dairy Milking Cows,Cattle,
,,CA 029,Dairy Milking Cows,Cattle,
,,CA 030,Dairy Milking Cows,Cattle,
,,CA 031,Dairy Milking Cows,Cattle,
,,CA 032,Dairy Milking Cows,Cattle,
,,CA 033,Dairy Milking Cows,Cattle,
,,CA 034,Dairy Milking Cows,Cattle,
,,CA 035,Dairy Milking Cows,Cattle,
,,CA 036,Dairy Milking Cows,Cattle,
18-Sep-24,California,CA 011,Dairy Milking Cows,Cattle,
,,CA 012,Dairy Milking Cows,Cattle,
,,CA 013,Dairy Milking Cows,Cattle,
,,CA 014,Dairy Milking Cows,Cattle,
,,CA 016,Dairy Milking Cows,Cattle,
,,CA 017,Dairy Milking Cows,Cattle,
13-Sep-24,California,CA 009,Dairy Milking Cows,Cattle,
,,CA 010,Dairy Milking Cows,Cattle,
12-Sep-24,Idaho,ID 034,Dairy Milking Cows,Cattle,
,Texas,TX 026,Dairy Milking Cows,Cattle,
11-Sep-24,Texas,TX 025,Dairy Milking Cows,Cattle,
10-Sep-24,California,CA 007,Dairy Milking Cows,Cattle,
,,CA 008,Dairy Milking Cows,Cattle,
09-Sep-24,California,CA 004,Dairy Milking Cows,Cattle,
,,CA 005,Dairy Milking Cows,Cattle,
,,CA 006,Dairy Milking Cows,Cattle,
,Michigan,MI 029,Dairy Milking Cows,Cattle,
30-Aug-24,California,CA 001,Dairy Milking Cows,Cattle,
,,CA 002,Dairy Milking Cows,Cattle,
,,CA 003,Dairy Milking Cows,Cattle,
28-Aug-24,New Mexico,NM 009,Dairy Milking Cows,Cattle,
26-Aug-24,Michigan,MI 028,Dairy Milking Cows,Cattle,
13-Aug-24,Colorado,CO 064,Dairy Milking Cows,Cattle,
,Idaho,ID 033,Dairy Milking Cows,Cattle,
06-Aug-24,Colorado,CO 056,Dairy Milking Cows,Cattle,
05-Aug-24,Colorado,CO 053,Dairy Milking Cows,Cattle,
,,CO 054,Dairy Milking Cows,Cattle,
,,CO 055,Dairy Milking Cows,Cattle,
,,CO 057,Dairy Milking Cows,Cattle,
,,CO 058,Dairy Milking Cows,Cattle,
,,CO 059,Dairy Milking Cows,Cattle,
,,CO 060,Dairy Milking Cows,Cattle,
,,CO 061,Dairy Milking Cows,Cattle,
,,CO 062,Dairy Milking Cows,Cattle,
,,CO 063,Dairy Milking Cows,Cattle,
01-Aug-24,Texas,TX 024,Dairy Milking Cows,Cattle,
31-Jul-24,Colorado,CO 042,Dairy Milking Cows,Cattle,
,South Dakota,SD 006,Dairy Milking Cows,Cattle,
,,SD 007,Dairy Milking Cows,Cattle,
30-Jul-24,Michigan,MI 027,Dairy Milking Cows,Cattle,
,Texas,TX 023,Dairy Milking Cows,Cattle,
29-Jul-24,Colorado,CO 052,Dairy Milking Cows,Cattle,
23-Jul-24,Colorado,CO 050,Dairy Milking Cows,Cattle,
,,CO 051,Dairy Milking Cows,Cattle,
22-Jul-24,Colorado,CO 048,Dairy Milking Cows,Cattle,
,,CO 049,Dairy Milking Cows,Cattle,
19-Jul-24,Colorado,CO 046,Dairy Milking Cows,Cattle,
,,CO 047,Dairy Milking Cows,Cattle,
,Minnesota,MN 010,Dairy Milking Cows,Cattle,
18-Jul-24,Colorado,CO 038,Dairy Milking Cows,Cattle,
,,CO 045,Dairy Milking Cows,Cattle,
16-Jul-24,Colorado,CO 040,Dairy Milking Cows,Cattle,
,,CO 044,Dairy Milking Cows,Cattle,
15-Jul-24,Colorado,CO 039,Dairy Milking Cows,Cattle,
,,CO 041,Dairy Milking Cows,Cattle,
,,CO 043,Dairy Milking Cows,Cattle,
12-Jul-24,Colorado,CO 037,Dairy Milking Cows,Cattle,
11-Jul-24,Colorado,CO 036,Dairy Milking Cows,Cattle,
,Idaho,ID 031,Dairy Milking Cows,Cattle,
,,ID 032,Dairy Milking Cows,Cattle,
,Oklahoma,OK 001,Dairy Milking Cows,Cattle,
,,OK 002,Dairy Milking Cows,Cattle,
10-Jul-24,Colorado,CO 031,Dairy Milking Cows,Cattle,
,,CO 032,Dairy Milking Cows,Cattle,
,,CO 033,Dairy Milking Cows,Cattle,
,,CO 034,Dairy Milking Cows,Cattle,
,,CO 035,Dairy Milking Cows,Cattle,
,Minnesota,MN 009,Dairy Milking Cows,Cattle,
09-Jul-24,Iowa,IA 012,Dairy Milking Cows,Cattle,
08-Jul-24,Colorado,CO 028,Dairy Milking Cows,Cattle,
,,CO 029,Dairy Milking Cows,Cattle,
,,CO 030,Dairy Milking Cows,Cattle,
,Michigan,MI 026,Dairy Milking Cows,Cattle,
,Texas,TX 022,Dairy Milking Cows,Cattle,
02-Jul-24,Minnesota,MN 008,Dairy Milking Cows,Cattle,
01-Jul-24,Colorado,CO 027,Dairy Milking Cows,Cattle,
28-Jun-24,Colorado,CO 017,Dairy Milking Cows,Cattle,
,,CO 024,Dairy Milking Cows,Cattle,
,,CO 025,Dairy Milking Cows,Cattle,
,,CO 026,Dairy Milking Cows,Cattle,
,Iowa,IA 013,Dairy Milking Cows,Cattle,
25-Jun-24,Colorado,CO 022,Dairy Milking Cows,Cattle,
,,CO 023,Dairy Milking Cows,Cattle,
,Iowa,IA 011,Dairy Milking Cows,Cattle,
24-Jun-24,Colorado,CO 020,Dairy Milking Cows,Cattle,
,,CO 021,Dairy Milking Cows,Cattle,
,Iowa,IA 010,Dairy Milking Cows,Cattle,
21-Jun-24,Colorado,CO 013,Dairy Milking Cows,Cattle,
,,CO 014,Dairy Milking Cows,Cattle,
,,CO 015,Dairy Milking Cows,Cattle,
,,CO 016,Dairy Milking Cows,Cattle,
,,CO 018,Dairy Milking Cows,Cattle,
,Iowa,IA 008,Dairy Milking Cows,Cattle,
,,IA 009,Dairy Milking Cows,Cattle,
20-Jun-24,Colorado,CO 019,Dairy Milking Cows,Cattle,
,Idaho,ID 029,Dairy Milking Cows,Cattle,
18-Jun-24,Colorado,CO 011,Dairy Milking Cows,Cattle,
,,CO 012,Dairy Milking Cows,Cattle,
,Iowa,IA 006,Dairy Milking Cows,Cattle,
,,IA 007,Dairy Milking Cows,Cattle,
,Minnesota,MN 005,Dairy Milking Cows,Cattle,
,,MN 006,Dairy Milking Cows,Cattle,
,,MN 007,Dairy Milking Cows,Cattle,
17-Jun-24,Idaho,ID 025,Dairy Milking Cows,Cattle,
,,ID 026,Dairy Milking Cows,Cattle,
,,ID 027,Dairy Milking Cows,Cattle,
,Iowa,IA 004,Dairy Milking Cows,Cattle,
,,IA 005,Dairy Milking Cows,Cattle,
,Texas,TX 020,Dairy Milking Cows,Cattle,
,,TX 021,Dairy Milking Cows,Cattle,
13-Jun-24,Colorado,CO 007,Dairy Milking Cows,Cattle,
,,CO 008,Dairy Milking Cows,Cattle,
,,CO 009,Dairy Milking Cows,Cattle,
,,CO 010,Dairy Milking Cows,Cattle,
,Iowa,IA 003,Dairy Milking Cows,Cattle,
12-Jun-24,Colorado,CO 006,Dairy Milking Cows,Cattle,
11-Jun-24,Michigan,MI 025,Dairy Milking Cows,Cattle,
10-Jun-24,Colorado,CO 005,Dairy Milking Cows,Cattle,
,Idaho,ID 021,Dairy Milking Cows,Cattle,
,,ID 023,Dairy Milking Cows,Cattle,
,,ID 024,Dairy Milking Cows,Cattle,
,Iowa,IA 002,Dairy Milking Cows,Cattle,
07-Jun-24,Iowa,IA 001,Dairy Milking Cows,Cattle,
,Minnesota,MN 004,Dairy Milking Cows,Cattle,
06-Jun-24,Idaho,ID 020,Dairy Milking Cows,Cattle,
,Minnesota,MN 003,Dairy Milking Cows,Cattle,
,Wyoming,WY 001,Dairy Milking Cows,Cattle,
05-Jun-24,Minnesota,MN 002,Dairy Milking Cows,Cattle,
04-Jun-24,Texas,TX 019,Dairy Milking Cows,Cattle,
03-Jun-24,Idaho,ID 019,Dairy Milking Cows,Cattle,
,Texas,TX 017,Dairy Milking Cows,Cattle,
,,TX 018,Dairy Milking Cows,Cattle,
31-May-24,Michigan,MI 024,Dairy Milking Cows,Cattle,
,South Dakota,SD 005,Dairy Milking Cows,Cattle,
,Texas,TX 016,Dairy Milking Cows,Cattle,
30-May-24,Idaho,ID 011,Dairy Milking Cows,Cattle,
,,ID 012,Dairy Milking Cows,Cattle,
,,ID 013,Dairy Milking Cows,Cattle,
,,ID 014,Dairy Milking Cows,Cattle,
,,ID 015,Dairy Milking Cows,Cattle,
,,ID 016,Dairy Milking Cows,Cattle,
,,ID 017,Dairy Milking Cows,Cattle,
,,ID 018,Dairy Milking Cows,Cattle,
,,ID 028,Dairy Milking Cows,Cattle,
29-May-24,Michigan,MI 023,Dairy Milking Cows,Cattle,
28-May-24,Michigan,MI 021,Dairy Milking Cows,Cattle,
,,MI 022,Dairy Milking Cows,Cattle,
24-May-24,Idaho,ID 010,Dairy Milking Cows,Cattle,
23-May-24,Michigan,MI 019,Dairy Milking Cows,Cattle,
,South Dakota,SD 004,Dairy Milking Cows,Cattle,
,Texas,TX 015,Dairy Milking Cows,Cattle,
22-May-24,Colorado,CO 003,Dairy Milking Cows,Cattle,
,,CO 004,Dairy Milking Cows,Cattle,
,Michigan,MI 016,Dairy Milking Cows,Cattle,
,,MI 017,Dairy Milking Cows,Cattle,
,,MI 018,Dairy Milking Cows,Cattle,
,,MI 020,Dairy Milking Cows,Cattle,
21-May-24,Idaho,ID 008,Dairy Milking Cows,Cattle,
,,ID 009,Dairy Milking Cows,Cattle,
20-May-24,South Dakota,SD 002,Dairy Milking Cows,Cattle,
,Texas,TX 014,Dairy Milking Cows,Cattle,
17-May-24,South Dakota,SD 003,Dairy Milking Cows,Cattle,
16-May-24,Idaho,ID 006,Dairy Milking Cows,Cattle,
,,ID 007,Backyard Producer,Alpaca,
,Michigan,MI 015,Dairy Milking Cows,Cattle,
14-May-24,Idaho,ID 005,Dairy Milking Cows,Cattle,
,Michigan,MI 013,Dairy Milking Cows,Cattle,
,,MI 014,Dairy Milking Cows,Cattle,
11-May-24,Michigan,MI 011,Dairy Milking Cows,Cattle,
,,MI 012,Dairy Milking Cows,Cattle,
10-May-24,Idaho,ID 004,Dairy Milking Cows,Cattle,
09-May-24,Texas,TX 013,Dairy Milking Cows,Cattle,
08-May-24,Colorado,CO 002,Dairy Milking Cows,Cattle,
,Michigan,MI 007,Dairy Milking Cows,Cattle,
,,MI 008,Dairy Milking Cows,Cattle,
,,MI 009,Dairy Milking Cows,Cattle,
,,MI 010,Dairy Milking Cows,Cattle,
07-May-24,Idaho,ID 003,Dairy Milking Cows,Cattle,
25-Apr-24,Colorado,CO 001,Dairy Milking Cows,Cattle,
19-Apr-24,Idaho,ID 002,Dairy Milking Cows,Cattle,
17-Apr-24,Kansas,KS 004,Dairy Milking Cows,Cattle,
,Michigan,MI 006,Dairy Milking Cows,Cattle,
,New Mexico,NM 008,Dairy Milking Cows,Cattle,
,Texas,TX 006,Dairy Milking Cows,Cattle,
15-Apr-24,Michigan,MI 005,Dairy Milking Cows,Cattle,
12-Apr-24,Michigan,MI 003,Dairy Milking Cows,Cattle,
,,MI 004,Dairy Milking Cows,Cattle,
10-Apr-24,New Mexico,NM 007,Dairy Milking Cows,Cattle,
,Texas,TX 012,Dairy Milking Cows,Cattle,
09-Apr-24,New Mexico,NM 006,Dairy Milking Cows,Cattle,
,North Carolina,NC 001,Dairy Milking Cows,Cattle,
,South Dakota,SD 001,Dairy Milking Cows,Cattle,
,Texas,TX 003,Dairy Milking Cows,Cattle,
06-Apr-24,New Mexico,NM 003,Dairy Milking Cows,Cattle,
,,NM 004,Dairy Milking Cows,Cattle,
,,NM 005,Dairy Milking Cows,Cattle,
05-Apr-24,Michigan,MI 002,Dairy Milking Cows,Cattle,
04-Apr-24,Texas,TX 010,Dairy Milking Cows,Cattle,
,,TX 011,Dairy Milking Cows,Cattle,
02-Apr-24,Idaho,ID 001,Dairy Milking Cows,Cattle,
,Ohio,OH 001,Dairy Milking Cows,Cattle,
01-Apr-24,Kansas,KS 003,Dairy Milking Cows,Cattle,
,New Mexico,NM 001,Dairy Milking Cows,Cattle,
,,NM 002,Dairy Milking Cows,Cattle,
30-Mar-24,Texas,TX 008,Dairy Milking Cows,Cattle,
,,TX 009,Dairy Milking Cows,Cattle,
29-Mar-24,Michigan,MI 001,Dairy Milking Cows,Cattle,
27-Mar-24,Texas,TX 001,Dairy Milking Cows,Cattle,
,,TX 005,Dairy Milking Cows,Cattle,
,,TX 007,Dairy Milking Cows,Cattle,
26-Mar-24,Kansas,KS 001,Dairy Milking Cows,Cattle,
,,KS 002,Dairy Milking Cows,Cattle,
,Texas,TX 004,Dairy Milking Cows,Cattle,
25-Mar-24,Texas,TX 002,Dairy Milking Cows,Cattle,